height,weight,bmi
75,166,20.7463111111111
72,223,30.2409336419753
76,141,17.1611842105263
71,247,34.4457448918865
77,134,15.888345420813
72,101,13.6965663580247
79,210,23.6548630027239
78,223,25.767422748192
70,238,34.1457142857143
76,142,17.2828947368421
